ulasan,sentimen,rating
"Saya baru mencoba minuman dari gerai ini. Minuman yang saya pesan adalah jus jeruk segar. Rasanya lumayan enak dan terasa segar, meskipun tidak begitu istimewa. Harganya cukup standar untuk ukuran minuman segar di tempat sejenis.",netral,3.0
Makanan ini sangat mengecewakan. Rasanya terlalu asin dan tidak ada rasa gurih sama sekali.,negative,2.0
"memiliki cita rasa yang unik. Perpaduan antara rasa gurih, asam, dan manisnya begitu pas di lidah. Teksturnya yang renyah dan gurih juga membuat makanan ini begitu nikmat untuk disantap.",positive,5.0
Saya sangat merekomendasikan makanan ini kepada Anda. Saya yakin Anda akan menyukainya.,positive,5.0
"Pelayanan di warung ini cukup ramah dan efisien. Waktu tunggu tidak terlalu lama, dan pelayan memberikan layanan dengan senyum. Meskipun begitu, atmosfer di warung ini terasa agak bising dan kurang nyaman.",netral,3.0
"tempat yang layak untuk mencoba minuman segar jika Anda berada di sekitar area ini. Tidak begitu istimewa, tetapi juga tidak buruk.",netral,3.0
Makanan ini memiliki rasa yang unik dan tidak biasa. Rasanya gurih dan asin.,positive,4.0
Pilihan yang sangat baik untuk camilan sehat sehari-hari.,positive,4.0
"Inovatif dan beragam, selalu ada sesuatu yang baru untuk dicoba.",positive,4.0
"Tidak mengecewakan, harganya juga terjangkau.",positive,4.0
Saya akan kembali lagi untuk menikmati makanan ini. Rasanya sangat sulit dilupakan.,positive,4.0
"rasanya biasa saja, tidak terlalu enak, tetapi juga tidak terlalu buruk.",netral,3.0
Makanan di sini selalu lezat dan segar!,positive,5.0
"Suasana tempatnya nyaman, cocok untuk bersantai.",positive,4.0
memiliki cita rasa yang manis dan gurih. Teksturnya yang lembut dan kenyal juga membuat makanan ini begitu nikmat untuk disantap.,positive,4.0
memiliki aroma yang begitu menggugah selera. Rasanya yang gurih dan lezat mampu membuat siapa saja ketagihan. Teksturnya yang empuk dan lembut,positive,4.0
Makanan ini sangat lezat dan menggugah selera. Rasanya pas dan tidak berlebihan. Teksturnya lembut dan kenyal.,positive,4.0
Makanan ini memiliki harga yang terjangkau. Hanya Rp 50.000 saja.,positive,4.0
Suasana di restoran ini sangat bising dan tidak nyaman.,negative,2.0
"Kualitas rasa yang luar biasa, nilai tambah untuk pelanggan.",positive,5.0
Makanan ini disajikan dengan cepat dan rapi. Pelayan di restoran ini sangat sigap.,positive,5.0
"memiliki cita rasa yang unik. Perpaduan antara rasa gurih, asin, dan manisnya begitu pas di lidah. Teksturnya yang renyah di luar dan lembut di dalam membuat makanan ini begitu menggugah selera.",positive,4.0
"Staf sangat ramah, dan masakannya selalu memuaskan selera.",positive,5.0
Suasana di restoran ini sangat nyaman dan asri. Saya merasa sangat rileks saat menikmati makanan di sini.,positive,4.0
"Makanannya oke, tidak terlalu istimewa tapi juga tidak buruk.",netral,3.0
"Harga kue di sini memang terjangkau, tetapi saya rasa kualitas kue dan pelayanan pelanggan perlu ditingkatkan untuk membuat pengalaman pelanggan lebih memuaskan.",netral,3.0
Sering jadi pilihan saya karena rasanya yang lezat.,positive,4.0
"Pelayanan sangat ramah, membuat pengalaman makan lebih menyenangkan.",positive,5.0
"Saya baru saja mencoba beberapa kue dari Kedai Kue ini dan saya merasa harus berbagi pengalaman yang agak mengecewakan. Pertama-tama, saya memesan kue lapis dan menemukan bahwa teksturnya terlalu kering dan rasanya kurang enak.",negative,2.0
"Makanan ini memiliki harga yang terlalu mahal. Hanya untuk seporsi makanan, harganya mencapai Rp 100.000.",negative,2.0
"Es kopi susunya sangat segar dan nikmat. Kopinya kental dan manisnya pas. Esnya juga tidak terlalu banyak, sehingga tidak menghilangkan rasa kopinya.",positive,4.0
Saya sangat puas dengan kue cucur ini. Rasanya benar-benar seperti kue cucur buatan ibu saya.,positive,4.0
Makanan ini tidak cocok untuk dinikmati bersama keluarga Rasanya terlalu pedas,negative,2.0
Makanan ini disajikan dengan sangat lama. Saya harus menunggu selama 30 menit untuk mendapatkan makanan saya.,negative,2.0
Makanan ini sangat cocok untuk dinikmati bersama keluarga atau teman. Rasanya juga sangat mengenyangkan.,positive,5.0
"Gatau lagi kalo misal ada yg  bilang ini taichan ga enak berarti lo sakit jiwa, ini taichan masih memegang juara bertahan di Surabaya menurut gue. Harganya bersahabat per-tusuk cuma 2.000 rupiah ye kan, nikmat manalagi yang engkau dustakan broh and sist. Lo ngga diharuskan beli sepuluh tusuk dan kelipatannya, semuanya bebashzz. Buat sate kulitnya, ugh yaampun ini surga gila padahal gue juga belom pernahgitu yekan ke surga tapi ini rasanya enak bangeeets, harganya juga sama duarebuan per tusuk.",positive,4.0
sangat cocok untuk dinikmati saat cuaca panas. Rasanya yang segar dan menyegarkan mampu menghilangkan dahaga dan mengembalikan energi. Teksturnya yang lembut dan kenyal juga membuat makanan ini begitu nikmat untuk disantap.,positive,4.0
Saya tidak merekomendasikan makanan ini kepada Anda. Saya yakin Anda akan kecewa.,negative,1.0
Pelayanan di restoran ini sangat ramah dan profesional. Mereka selalu tersenyum dan melayani dengan tulus.,positive,5.0
"Saya baru saja mencoba makanan ini di daerah saya. Sayangnya, kurang renyah. Teksturnya terlalu lembut dan lengket. Rasanya juga kurang manis.",negative,2.0
"Meskipun tempatnya sederhana, makanannya luar biasa! Saya suka!",netral,3.0
"Rasanya enak sekali, membuat saya ketagihan!",positive,5.0
Porsi besar dan rasa yang luar biasa. Sangat merekomendasikan!,positive,5.0
"Pelayanan di sini juga kurang ramah. Penjual terlihat kurang antusias dan terlihat tergesa-gesa. Harga gorengan cukup terjangkau, tetapi saya lebih memilih mencari alternatif yang menawarkan kualitas yang lebih baik.",netral,3.0
"Tempat yang cocok untuk kumpul bersama teman, sambil menikmati hidangan lezat.",positive,5.0
"Harga sebanding dengan kualitas, tidak terlalu murah atau mahal.",netral,3.0
"Saya kecewa karena harganya cukup mahal. Saya kira dengan harga segitu, kuenya akan lebih enak.",negative,2.0
"pesanan online 30 menit belom jadi, resto siap saji apa pecel ayam punggir jalan!?? Pada ngapain ini org didapur",negative,1.0
"Terimakasiiih, selalu nyaman disini.. Pelayanannya luar biasa dan baik2,, minuman saya tumpah langsung diganti padahal kesalahan saya..",positive,4.0
"Rasa makanan sangat buruk, tidak bisa dimakan!",negative,1.0
"Makanan yang disajikan di sini benar-benar lezat. Saya memesan Nasi Goreng Spesial dan rasanya sungguh autentik. Bumbu-bumbunya begitu meresap dan menciptakan kombinasi rasa yang luar biasa. Harga makanan juga sangat terjangkau, membuat nilai dari pengalaman makan ini semakin tinggi.",positive,5.0
tempat yang lumayan untuk menikmati menu makanan disini jika Anda tidak memiliki banyak waktu dan ingin makan dengan cepat.,netral,3.0
Camilan yang pas untuk menemani waktu santai.,positive,4.0
"Saya kecewa karena kue kering ini harganya cukup mahal. Saya kira dengan harga segitu, kuenya akan lebih enak.",negative,2.0
"Duh rasanya enak banget Kikilnya ga alot sama sekali dan tekstur mie nya juga pas buat aku. Untuk tempatnya memang dia karena cuma gerobakan jadi kurang nyaman dan kadang crowded, tapi untuk rasanya gaada obat!",positive,4.0
"Saya pesan 1 porsi mie kocok nya dan pas proses pembuatan seru banget ngeliatin abangnya bikin mie kocok sekaligus banyak, biarpun kaki lima untuk bahan dan alat masak nya bersih,
Untuk rasanya kuah nya enak dan gurih, bakso nya biasa aja, untuk mie nya juga pas tekstur nya, seporsi nya lumayan bikin kenyang.",netral,3.0
"Pelayanannya standar, tidak ada yang istimewa.",netral,3.0
Saya tidak akan kembali lagi ke restoran ini. Makanannya sangat mengecewakan.,negative,1.0
"Harga kopi di mungkin sedikit di atas rata-rata, tetapi kualitas dan pengalaman yang diberikan sebanding dengan harganya. Sangat direkomendasikan untuk para pecinta kopi sejati.",positive,4.0
Saya sangat merekomendasikan Warung Makan ini kepada siapa pun yang mencari makanan lezat dengan harga terjangkau dan pelayanan yang ramah.,positive,5.0
"Rasa makanannya biasa saja, tidak sebanding dengan harganya.",netral,3.0
Pelayanan di restoran ini sangat buruk. Pelayan di sini sangat tidak ramah dan tidak profesional.,negative,2.0
Saya kecewa dengan kualitas makanan. Terasa seperti makanan beku yang dipanaskan.,negative,2.0
"Saya baru saja mencoba makan di Warung Makan ini dan benar-benar terkesan dengan pengalaman kuliner saya. Pertama-tama, suasana di warung ini sangat ramah dan bersahabat. Pelayanan dari pemilik warung dan karyawan sangat baik, membuat saya merasa seperti di rumah sendiri.",positive,4.0
Makanan ini memiliki tekstur yang keras dan tidak enak dikunyah.,negative,2.0
"Baru pertama kali cobain ke sini, gak cuma jual coffee aja ternyata di sini juga jual makanan tapi memang gak gitu banyak pilihannya. Dari segi rasa ok kok cuma menurutku dari harga dan porsinya kurang ya seperti roast pork porchetta agak pricey dengan porsi segitu. Potongan pork nya agak tipis jadi kulitnya crispy asin gitu dan mashed potato nya juga sedikit. Padahal roast pork porchetta nya enak. Kalau yang ombe big breaskfast nya juga ok.",netral,3.0
"saya sedikit kecewa karena pelayanannya tidak seperti biasanya yang selalu membuat mood naik, tapi rasanya tetap mantap",netral,3.0
"baru kali ini kuah nya rasanya kurang sedap, biasanya kuah baksonya selalu enak dan punya rasa yang khas",netral,3.0
"cuanki ini rasanya enak banget, sampai jadi langganan, tapi kenapa jualannya hanya seminggu sekali",positive,4.0
"bumbu kacang nya enak tapi sayurannya sedikit bau, lain kali sebelum berjualan di cek terlebih dahulu sayuran yang akan dijual",netral,3.0
"memang mantap rasa cilung nya, tapi mengecewakan karena hanya kebagian sedikit karena sudah habis terjual, besok besok bikin nya diperbanyak lagi adonannya",netral,3.0
"pelayanannya kurang adil, eskrimnya yang satu full yang satu lagi cuma setengah",negative,2.0
"tahunya dingin, katanya digoreng dadakan tapi nyatanya udah dingin",negative,2.0
"rasanya enak banget, isinya banyak, bikin seger tenggorokan, pokoknya best lah",positive,5.0
"rasa seblaknya enak, kencurnya bener bener kerasa banget, bumbunya enak dan pedesnya pas, topingnya juga banyak banget, bener bener top markotop",positive,5.0
"bihun gulungnya enak banget, murah meriah, isian bihunnya pas banget, cuma saos nya sedikit kurang enak",netral,3.0
"rasa canai nya enak, isiannya lumayan banyak tapi saosnya kurang enak",netral,3.0
"risol mayo nya lumayan enak, cuma isiannya yang kurang bervariasi, mayonais nya enak manis",netral,3.0
Kalo buat bakso nya sih kurang kerasa ya ikannya tapi masih lumayan enak kebantu sama rasa kuah yg pas gak ke asinan,netral,3.0
"Saya baru pertama kali beli somay itu, ternyata rasanya enak banget",positive,5.0
"Kemarin saya ketemu baso aci di pinggir jalan, rasanya enak banget tapi baso acinya keras gak kenyel-kenyel gitu",netral,3.0
"Gorengannya keras banget, kayak gorengan kemarin di angetin",negative,2.0
"ricebowl nya enak, isian ayamnya banyak, cuma sayuran nya kadang kayak agak basi gitu",netral,3.0
"basreng nya enak pedes, ditambah ada daun jeruknya jadi tambah mantap, cuma basrengnya agak keras jadi bikin gigi agak sakit pas ngunyah",netral,3.0
"Tempatnya nyaman makanan nya juga enak tapi kurang suka sama pelayannya, pelayannya judes bgt",netral,3.0
Pelayan di tempat ini baik banget gak kaya di tempat sebelah,positive,4.0
Minta di banyakin sambelnya malah kebanyakan gula,negative,2.0
"daging dari baksonya kurang berasa banget, tempatnya juga kurang nyaman banget buat makan di tempat",negative,2.0
"ciloknya enak bgtt, tapi sayang bgtt pedagangnya jutek bikin males deh",netral,3.0
"Saya pesen sate daging, malah di kasih sate ayam",netral,3.0
Bumbu kacangnya bau gosong,negative,2.0
"Es teh nya pahit bgt, gak ada manis manis nya",negative,2.0
"siomaynya bikin nagih bgtt loh, apalagi ada pare yang terlalu paitt buat nagih gimana gitu ",positive,4.0
nasi goreng buatan pedagang kaki lima selalu lebih lezat.tetapi terkadang terkendala dengan tempatnya,netral,3.0
"mie ayamnya sih udah okee, tempatnya apalagi enak bgtt nyaman pake ac lagii, tapi sayang bgtt nih pelayanannya lama bgtt",netral,3.0
"Rasa soto ayam nya enak dan banyak sekali isinya,namun satu kurangnya aroma bumbunya kurang pekat dan warnanya tidak menarik",netral,3.0
"Asli kripik nya enak banget, singkong nya juga gak keras",positive,4.0
"Cakue nya keras ih, sambelnya juga manis bgt",negative,2.0
"Tahu bulat nya bau apek, kayaknya stok lama deh",negative,2.0
Sotong nya enak masih kriuk pas beli masih anget,positive,5.0
"rotinya cukup kasar bgtt buat bahan roti bakar, jadi ngaruh ke isian rotinya jadi ngga srek sama rasanya",negative,2.0
Nasi daging ini sangat enak dan terasa sekali bumbunya hanya saja dagingnya kurang Mateng dan nasinya terlalu keras,netral,3.0
"dari segi plating sotonya udah oke banget, tapi sayang bgt rasanya kurang berasa feel dari citra rasa sotonya itu sendiri",netral,3.0
Wajib di beli sih ini ciloknya enak bgt gak kebanyakan aci/terigu,positive,4.0
Gado-gado ini terkenal di kalangan mahasiswa karena harganya yang terjangkau tetapi kadang rasanya terlalu asin,positive,4.0
"Pempek nya sangat enak, ikannya terasa banget",positive,5.0
"udang dan cumi goreng tepung, tepungnya terlalu tebal. ",negative,2.0
kangkung tauco nya standar sama seperti makanan warteg lebih enak di warteg ,netral,3.0
ikan bakar oke tapi terlu hitam kulitnya entah terlalu kebanyakan bumbu atau bagaimana tetap oke lah,positive,4.0
"Pesen pisang goreng, pisang yang dipake yang banyak bijinya. ",negative,2.0
Seblak nya enak tapi kuahnya keenceran,netral,3.0
Tekstur baksonya kurang enak dan dagingnya juga tidak berasa,negative,2.0
"Pentolnya enak sekali, apalagi bumbunya enak pedesnya pas",positive,5.0
"Masakannya enak, sayur nangkanya mantap, berasa benar.",positive,5.0
"Ga worth it banget, makan cuma sate taichan 2, baso tusuk 2, telor puyuh 2, usus tusuk 2, nasi 2, smuanya 90rb, Gatau si tetehnya salah hitung apa gimana",negative,2.0
ukuran rotinya besar banget tapi isi coklatnya dikit banget dan rotinya keras ,negative,2.0
"Cibay nya oke ga terlalu berminyak, tapi cireng nya terlalu lembek dan terlalu berminyak sampai bisa dipakai lagi itu minyak nya ",negative,2.0
"cilok nya enak, bumbu kacang nya juga enak tp sayang nya udah dingin ",netral,3.0
"ayam geprek pedesnya mantap, asin nya pas tp sering tutup",positive,4.0
nemu pecel ayam lumayan enak tp sambel nya terlalu manis tp seru refill teh tawar,positive,4.0
"ga enak, cuma tepung doang ikannya ga berasa",negative,2.0
"Seblaknya enak, tapi tempat makannya ga safety ",netral,3.0
"bumbu kacangnya memiliki rasa yang khas, tekstur kikil sama bumbu kacang yang gurih dan manis. harganya 20 rb memiliki harga yang terjangkau, cukup murah di harga segitu kita sudah bisa menikmati seporsi cungkring meskipun lontongnya sangat kecil ya",positive,4.0
pempeknya enak tapi cukonya encer banget dan rasanya manis doang ga ada pedesnya,negative,2.0
"tahu pedes, enak tapi suka salah isi nya mau ayam dikasih baso",netral,3.0
Mie ayamnya porsinya dikit banget tapi enak,netral,3.0
Ayam gorengnya keras banget tapi sambalnya enak banget ,netral,3.0
"nasi goreng nya enak, mantep, lezat tp tutup muluuuu",positive,4.0
seblak enak tapi mahal,netral,3.0
sotong nya ada ga enak ada yang alot susah dikunyah,negative,2.0
"Kuah baksonya enak sangat sedap, tapi ukuran baksonya kecil-kecil sekali",positive,4.0
"Satenya kegosongan, daging kambingnya juga alot tapi aku suka bumbunya  ",negative,2.0
Rasa baso nya sangat enak dan terasa dagingnya namau karena penjualan sendiri jadi pelayananya sangat lambat,netral,3.0
rasanya sangat tidak enak dan kejunya sangat sedikit,negative,2.0
Batagornya ga enak bumbunya dikasih dikit banget mana tempatnya jorok,negative,2.0
Bubur Manado di depan SMP negeri 1 ini sangat enak dan harganya terjangkau untuk anak sekolah tapi tempat dan pelayanannya sangat tidak baik kadang menghambat lalu lintas sekitar,netral,3.0
tempatnya terlihat tidak nyaman harganya sangat mahal dan tempatnya sangat tidak cocok untuk nongkrong,negative,2.0
beli nasi sama lauk di warteg eh lauk nya basi,negative,2.0
ayam bakar di kantin enak dan penjualnya ramah dan sabar,positive,4.0
beli nasi goreng pesen pedes tp pas dateng pedes nya layak ada dendam pribadi,negative,2.0
Nasi gorengnya enak banget mana murah lagi 15 ribu udah dapet ayam goreng juga,positive,5.0
Martabak telornya enak tapi aku kurang suka sama tekstur kuahnya,netral,3.0
"Sayurnya enak, suka banget sama pelayanannya ramah",positive,5.0
Cirengnya enak dan ukurannya besar isian ayamnya banyak banget,positive,4.0
seblak prasmanan tp rasanya tergantung yang buat kadang enak kadang gaenak,netral,3.0
"Isinya banyak si flanya itu loh, mereka punya beberapa varian rasa ada vanilla, coklat, matcha, tiramisu dan red velvet",positive,4.0
Martabak kejunya enak banget kejunya sampe meluber dan ga bikin eneg,positive,4.0
Pisang tanduknya kecil banget dan pisangnya masih mentah ga manis,negative,2.0
"Gado gadonya enak lontong sayurnya dapet banyak banget, dijamin kenyang",positive,4.0
Basrengnya enak banget pedesnya juga pas harganya murah banget,positive,5.0
kerupuknya enak ikan gabusnya berasa sekali dan harganya juga murah pelayanannya sudah bagus,positive,4.0
Tahu isinya enak banget isiannya banyak tapi cabe dan bumbunya kurang berasa,netral,3.0
Corn dog nya besar banget tapi sosis sama kejunya kecil banget,netral,3.0
Bakwan nya tidak enak sayur dikit banget dan tempat jualnya juga kotor sekali kurang menjaga kebersihan,negative,2.0
"Pesan ayam bakar via gofood, yg dtg ayam goreng yg di bakar sedikit. Hasil ungkepan ayam bakar wrn kuning, bukan coklat seperti ayam bakar pada umumnya. Ayam keras spt sdh lama namun di goreng kembali. Mana beli 7 porsi lagi. Mengecewakan",negative,2.0
Rawonnya enak tapi harganya mahal banget dan tempatnya juga kurang higienis,netral,3.0
Sotonya ga enak ayamnya juga dikit banget cuma banyak kuahnnya,negative,2.0
"Masakan Padang favorit, rendangnya juara, gulainya nikmat. Ayam pop nya pun mantap. Tempatnya luas, meski terasa agak panas",positive,4.0
"Saya beli rendang untuk oleh” 1 kg, tapi rendang keras gak bisa di makan 400rb habis untuk 14 potong",negative,2.0
Nasi gorengnya masih mantap sekali dan porsinya lumayan untuk ukuran normal. Tempatnya juga bagus dan bersih. Pelayanannya juga cepat dan ramah.,positive,5.0
"harganya mahal dan porsinya dikit sekali, untuk kenyamanan juga sangat kurang meja terasa sangat berminyak, perlengkapan makan juga terasa kurang bersih dan berminyak juga",negative,2.0
"Beli nasi capcay, pas datang keliatan bgt wortel SM sawi putihny aneh. Wortelnya layu+ sawiny hitam. Pake bahan ga fresh",negative,2.0
"Pesen nasi ayam katsu teriyaki. ternyata di seladanya ada ulatnya dikira tempat nya dan sayurannya bersih,nyatanya kotor.",negative,2.0
"Rasanya enak. Harganya relatif sedang. Juga menyediakam.berbagai minuman. Nasi goreng macam-macam, ada nasi goreng spesial, nasgor komplet, nasgir kambing. Penyajiannya cepat dan rapi. ",positive,4.0
pesen nasi katsu dateng ny 1jam. orang sebelah baru duduk 10mnt nasinya sudah dateng,negative,2.0
"Beli menu richeese yg fire Flying Chicken, Mau beli langsung atau via online sama aja gosong, hitam, pait, tidak enak,",negative,2.0
"Tidak puas staff kurang ramah, ketus, cuek, antri yg lama, dan Ayam kecil². Untuk rasa emang enak, dan suasananya juga bagus & bersih.",negative,2.0
Sate nya kurang bersih masih ada bulu² ayam yg tersisa.,negative,2.0
"Menurut saya pada saat itu proses pembakaran daging over sehingga daging terasa pahit , lontong nya juga keras Dan kuah kacangnnya encer banget",negative,2.0
"Baso nya enak banget,tpi saos nya yg membuat rasa baso nya sedikit asam",netral,3.0
Bumbu sate nya kurang enak.. Lontongnya juga ada yg keras.,negative,2.0
"Tempatnya bersih ,pelayanannya jga oke, makanannya enak apalagi sambelnya wow pedes",positive,4.0
"Murah & enak, ayam pukul & sambelnya pedas mantap soto betawi & pindangnya jg enak",positive,4.0
"Pilihan menunya agak terbatas, cuma ada soto ayam dan daging. Kuahnya cuma ada yang bening. Kuah santan gak ada.",negative,2.0
"Standar soto aja sih, rasanya ya begitulah. Bukan tidak enak ya, tapi tergantung selera",netral,3.0
"Sotonya enak, otentik lamongan. Sambelnya dah ala palembang. Dari segi harga juga murah. Buka dari jam 10 sampe malem",positive,4.0
"Tempatnya enak, hanya saja menurut saya pribadi Jiwa Toast-nya kurang worth it dari segi isian, apalagi edisi Chitato yang hanya berupa topping secuil",netral,3.0
Mie ayam nya dikit banget dan ayamnya juga agak keras,negative,2.0
saya baru mencoba makanan nasi ayam madu rasanya sangat enak tidak terlalu manis tapi pas,positive,4.0
coba ayam geprek yang dijual di depan komplek saya dan ayamnya sangat sedikit lebih banyak adonan tepungnya tetapi untuk sambalnya enak,netral,3.0
saya membeli ayam bakar di depan komplek saya dan rasanya cukup enak dan harganya standar,positive,4.0
beli jus stoberi di depan komplek saya dan hasilnya cukup mengecewakan karena yang saya dapatkan adalah jus jambu,negative,2.0
"Mie nya enak bnget,tp untuk level 4 menurut aku kurang pedes bagi orang pecinta pedes.nextime kesini bakal cobain level yg level 6",positive,4.0
Cilok nya enak tapi bumbunya terlalu pedas,netral,3.0
Baso merconnya enak tapi terlalu pedas dalamnya,netral,3.0
saya membeli makanan prasmanan di depan komplek saya dan rasanya cukup enak dengan harga yang terjangkau,positive,4.0
saya membeli ketoprak di depan komplek saya dan tempatnya selalu ramai membuktikan rasa dari ketoprak tersebut enak,positive,4.0
bakso tusuk depan komplek saya enak dengan beberapa varian rasa,positive,4.0
pecel ayam depan komplek saya memiliki rasa yang standar dengan harga yang agak mahal,negative,2.0
gorengan depan komplek saya selalu ramai pembeli menandakan gorengan itu enak,positive,4.0
bubur kacang hijau depan komplek saya memiliki rasa yang enak dengan harga murah,positive,5.0
"martabak telurnya tebal, enak dan memiliki isian yang banyak dengan harga yang standar",positive,4.0
"martabak manisnya banyak topping, enak dan tidak terlalu manis bagi saya yang tidak terlalu memyukai manis",positive,4.0
teh pocinya memiliki manis yang pas dengan takaran tehnya yang kurang banyak,netral,3.0
isi dari nasi padangnya standar dan lauknya kecil dengan harga yang sedikit mahal,negative,2.0
es tehnya terlalu manis dengan takaran teh yang sedikit,negative,2.0
pedas dari mienya pas dan masih bisa dinikmati dengan topping melimpah,positive,4.0
baksonya lembut dan kenyal dengan kuah kaldu yang enak,positive,4.0
isian gado-gadonya banyak dan enak dengan harga yang murah,positive,5.0
"mie ayamnya terlalu lembek, bumbu ayamnya yang tidak meresap, dan kuah kaldunya kurang enak",negative,2.0
Rendangnya sangat enak bumbu dan rasanya sangat lah pas tetapi masih sedikit alot jadi susah untuk digigit,netral,3.0
harganya murah tapi rasa masakannya tidak enak ga ada rasa dan tempatnya sangat tidak layak dan tidak nyaman,negative,2.0
"Otak-otak crispy ini sangat lah cocok dimakan dengan sausnya, pelayanannya juga sangat memuaskan kadang dikasih tambahan ",positive,4.0
Jamur crispy ini sangat lah buruk dari rasa dan warna sangat tidak layak untuk diperjual belikan tapi semuanya terlihat menarik oleh wadahnya/tempatnya saja,netral,3.0
"Martabak ini sangat lah enak dan harum, pilihan topingnya juga banyak sekali. Tiap pengen martabak selalu beli disini, sangat memuaskan dikantong mahasiswa.",positive,5.0
Sosis bakar ini terlihat enak dan sangat menggugah selera tapi rasanya sangat lah buruk sosisnya terasa Asam dan bau,negative,1.0
"Cendol durian ini sangat lah enak dan segar duriannya dikasih banyak banget, harganya murah lagi",positive,4.0
"Bubur ayam ini sangat lah enak dan komplit, selalu beli bubur ayam disini karena tidak pernah mengecewakan",positive,5.0
"Es creamnya sangat lah enak dan besar varian rasanya juga banyak, mbaknya ramah banget",positive,4.0
"Ayam crispy nya kecil sekali, tadi pesen dada malah dikasih paha, pelayanannya juga kurang memuaskan pelayannya terlalu jutek",negative,1.0
Baso ikan di tempat wisata emang ga ada tandingannya tapi terkadang saking ramenya pembeli penjual tidak memperhatikan tingkat kematangan baksonya kadang masih ada yang mentah,netral,3.0
"Susu kedelai nya sangat aneh dan rasanya jauh lebih buruk dari pada umumnya,saya tidak suka.",negative,2.0
Es kulkul nya sangat lah enak coklatnya tebal dan banyak topingnya harganya juga murah banget dan pelayananya sangat memuaskan,positive,5.0
"Seblaknya kurang enak dan kencurnya juga ga berasa dan tingkat kepedesan nya terlalu pedes, susah untuk dinikmati oleh seseorang yang sakit lambung",negative,2.0
"Es cincau nya biasa aja dan cincau nya juga dikasih dikit banget, pelayanannya juga kurang memuaskan",negative,2.0
Rujak tubuknya sangat enak buah buahan nya juga segar tapi sayang pelayanannya sangat lambat dan penjual terlalu banyak bicara,netral,3.0
Rujak buahnya sangat menarik apa lagi mangga nya terlihat sangat segar dan harganya murah banget ,positive,4.0
Emang bener cilor tidak ada tandingannya rasanya sangat enak dan gurihnya terasa Cocok buat para pencinta micin,positive,4.0
"Cimolnya besar ga ada rasanya, minyak yang dipake juga udah hitam banget, pelayanannya juga jelek sekali, Ga bakal balik beli cimol kesini lagi",negative,1.0
Rassa pecel lele nya biasa aja dan tadi liat minyak untuk menggoreng ikan nya sangat kotor bahkan hitam,negative,2.0
Nasi ayamnya sangat enak dan sambelnya sangat kerasa tapi sayang ayamnya kecil dan harganya bikin dompet longgar,netral,3.0
Dulu kue cincinnya/ kamiaremnya rasanya enak juga otentik tapi makin kesini kuenya terasa keras bahkan sangat susah di gigit,negative,2.0
Baso goreng nya sangat murah cara pemasakanya dan penyajian sangat bersih ,positive,5.0
Sop iga sapinya sangat tidak layak untuk dinikmati tempat nya sangat tidak cocok untuk nongkrong,negative,2.0
Gorengannya besar-besar rasanya gurih,positive,3.0
Pempeknya enak-enak pelayanan tokonya juga baik penjualnya ramah tapi harganya lumayan mahal,netral,3.0
"Ikan panggangnya enak banget, wajib bakal balik beli kesini lagi",positive,5.0
Nasi Padang nya sangat enak dan lauk pauk nya lengkap ,positive,5.0
Kentang gorengnya sangat enak dan gurih teksturnya pas jadi enak untuk dinikmati,positive,5.0
Es teh nya sangat segar dan murah dan rasa tehnya berasa,positive,4.0
Rasa gurih pentolnya dan Sambelnya sangat enak penyajiannya membuat pelanggan tertarik,positive,4.0
Donatnya enak dan lembut tapi gulanya dikit banget dan tidak nempel ,netral,3.0
rasa sopnya enak banget tapi porsinya terlalu dikit untuk harga yang lumayan mahal,netral,3.0
Nasi padangnya porsinya banyak banget dan tempatnya juga bersih sekali pelayannya juga ramah,positive,4..0
"Sayurnya kurang enak, rasanya ga konsisten dan pelayanannya juga tidak ramah",negative,2.0
Baksonya kurang enak dan rasa bau sapi nya sangat menyengat megakibatkan mual,negative,2.0
"Makan bakso paling murah disini solusinya beli hrga 10rb atau 5rb pun bisa, rasanya enak banget",positive,4.0
"Seblak terfavorit topping banyak, beda juga dari seblak biasanya, ceker crispy, porsi passs banget, ga kedikitan, juga ga kebanyakan, harga bersahabat,",positive,4.0
Seblaknya sangat tidak worth it banget katanya seblak komplit tapi isinya banyak kerupuknya doang,negative,2.0
Soto daging nya enak dan kuahnya lebih gurih dengan warna yang bening cokelat plus potongan irisan daging sapi.,positive,4.0
"Sebenarnya rasa soto biasa aja, porsi termasuk kecil sih tapi harganya memang murah, tapi yang paling juara adalah jajanannya, mulai dari sate paru, sate kikil, tempe mendoan dll",netral,3.0
"Saya penikmat soto, cukup terkesan dengan kuah di soto ini, gurih. Racikan sotonya jg pas dan enak.",positive,5.0
"Pindang ikan patinnya enak banget. Tersedia juga pindang lain seperti tulang iga dan udang, menunya komplit",positive,5.0
"Tahun lalu makan pepes di sini ga enak, kemaren pas makan di sini juga rasa biasa aja, harga juga ga wajar",negative,2.0
"Pindang ikan asapnya alot, tapi kuahnya sedap tahu sutra keremesnya enak",netral,3.0
"Kepiting nya se porsi gede banget hrga nya 200an lebih, Tofu nya juga enak lembut banget, capcai nya juga enak gurih, sambal nya mantep bnget, pedas nya pas",positive,4.0
"Salah satu masakan pindang ikan yang enak di Palembang. Kali ini pesan pindang tulang, rasanya mantap. Suasana juga oke, ada saungnya.",positive,4.0
Pilihan Pindangnya banyak dengan lalapan yang lengkap serta sambal yang mantap,positive,4.0
Agak ga worth it makan nasi pindang udang pindang patin teh tawar 1 harganya 182ribu,negative,2.0
"Porsinya sangat kurang sesuai dengan harga, yang memasak dan menyajikan makanan hanya satu orang jadi nunggunya agak lama.",negative,2.0
Suasana nya enak. saya suka kualitas makanannya. Minumannya juga enak dan patut dicoba. Kafe terbuka dengan musik yang bagus dan terkadang banyak acara diadakan disini. ,positive,5.0
Garlic Bread nya enak banget. Pengantarannya cepat dan rotinya tiba dalam keadaan hangat dan harum. ,positive,5.0
"Saya meminta pedas sedang tapi yang dateng makanannya pedes banget, untuk apa memberikan request kepedasan... situasi yang sangat menjengkelkan",negative,2.0
"Burgernya renyah, otentik dan lezat, ini rasa burger yang saya cari-cari. Makan bersamaan bareng kopi adalah kombinasi yang sempurna. Saya sangat menyukainya.",positive,5.0
"Makanan enak enak, sambalnya mantap pedasnya. Favorit disini ikan gurame acar, sambal kangkung, cumi goreng tepung. tempatnya ada yg outdoor dan ada yg ruangan ac non smoking.",positive,4.0
"Tidak mencoba menu utamanya / pecel lelenya, tapi pesan gudeg kreceknya... Menurut saya rasanya pas, tidak telalu manis dan juga sambalnya mantap pedasnya, cuma sedikit beda karena isi petai dan telornya direbus terpisah. Suasana restorannya klasik dan asik untuk dijadikan tempat kumpul keluarga. Harganya sebanding dengan harga resto pada umumnya",netral,3.0
"Makanan enak enak, sambalnya mantap pedasnya. Favorit disini ikan gurame acar, sambal kangkung, cumi goreng tepung. tempatnya ada yg outdoor dan ada yg ruangan ac non smoking.",positive,4.0
"Tahu nya asem, sambelnya bau mentah. Pelayanan sih ga ada ramah2nya sama sekali.",negative,2.0
"Nasi nya beberapa ada yg masih mentah. Lauk nya macem macem tapi rasanya  “B” aja
Pelayanan cepet dan ramah.",netral,3.0
"Martabak nya biasa2 aja ,anehnya gak ada daftar menunya  jadi bingung waktu order menu ,pas dtg makanan nya gak sesuai keinginan kita , jauh2 dtg  jadi kecewa ditambah  org nya tidak ramah banget",negative,2.0
enak martabaknya.. kuahnya kental dan ada potongan kecil daging serta kentang.. pelayannya ramah.. dan cepat tanggap,positive,4.0
"Untuk mie tek2 kuah nya agak kurang sih, hambar gitu rasanya, kurang bumbu. Kalo yg goreng sih masih lumayan enaklah yahh",netral,3.0
"saya sangat suka, makanan ini sangat enak dan disajikan dengan cepat dan ramah",positive,5.0
"ga niat jualan sepertinya, tidak ramah dan tidak enak",negative,1.0
"cukup sekali aja kesini, tidak ada yang bisa di nikmati, pelayanan dan makanan sangat buruk dan tidak pantas disajikan",negative,1.0
"harganya sangat mahal, tidak cocok untuk menu yang biasa saja seperti ini, pantaslah sepi",negative,2.0
"sedikit banget porsinya, mahal lagi, kalo enak gapapalah, rasanya aja biasa aja",negative,2.0
"langgananku, murah meriah dan enak, porsi juga banyak",positive,4.0
"makanannya enak, tapi abangnya jutek, jadi males kalo mau beli",netral,3.0
"enak banget, tapi pelayanannya lama",netral,3.0
"pelayanan sangat buruk, jutek, tidak higenis dan pelit",negative,1.0
"sering beli, cuma jarang buka, padahal lumayan enak lah buat sarapan",netral,3.0
"kalo jualan itu yang bener bang, kemarin harga 5000, sekarang 7000, mana porsinya ga konsisten, kadang banyak kadang sedikit",negative,2.0
"jadi langganan orang banyak karena beda dari yang lain, rasanya bikin ketagihan, malasnya itu ngantrinya lama dan banyak banget",netral,3.0
"Nyobain bakso ini karena cukup terkenal dan banyak yg bilang enak jadi penasaran deh buat cobain. Awalnya mau order yg Bakso Urat Besar + Kecil tp katanya yg gedenya abis yaudah deh aku pesen yg Bakso Campur aja isinya bakso halus dan urat yg kecil. Buat bakso uratnya enak, berasa wangi dagingnya, klo yg bakso halusnya biasa aja, agak ga berasa dagingnya, kuahnya pas dipanci keliatan kaldu bgtt tp pas dimakan biasa aja si ga terlalu berasa kaldunya. ",netral,3.0
Baru pertama kali nyobaik Bakso Pak Diran di Grogol ini dan ternyata bener apa yang mereka bilang... bakso ini enak banget. Beneran ada isinya gak tepung doang. Harganya juga pas dengan rasa yang sebegitu enaknya. Aku pesen bakso komplit tapi minta mie kuning aja. Seledri sama bawang goreng nambahin sendiri di meja kalau makan langsung. Boleh minta micin juga hahaha. Salah satu bakso yang rasanya gak akan aku lupain.,positive,5.0
"Nyobain bakso ini karena cukup terkenal dan banyak yg bilang enak jadi penasaran deh buat cobain. Awalnya mau order yg Bakso Urat Besar + Kecil tp katanya yg gedenya abis yaudah deh aku pesen yg Bakso Campur aja isinya bakso halus dan urat yg kecil. Buat bakso uratnya enak, berasa wangi dagingnya, klo yg bakso halusnya biasa aja, agak ga berasa dagingnya, kuahnya pas dipanci keliatan kaldu bgtt tp pas dimakan biasa aja si ga terlalu berasa kaldunya. ",netral,3.0
"porsi nya cukup besar & rasanya enak. Utk hargany gak yg begitu mahal tp juga gk murah bgt cuma tempatny sedikit sempit & panas ya , resto selalu ramee jdi yg sabar yah kalau wktu dtg sedikit ngantriii & waiting list hehe tpi cepet kok pelayanannya",positive,4.0
"Variasi menu masakan Indonesia di sini beragam. Dari mulai nasi, kuah, sampai beberapa side dish lokal. Aku sendiri mencoba menu kuah yaitu Soto Betawi dan Sop Iga. Keduanya disajikan dalam hot pot yang dikasih api di bagian bawahnya. Jadi menu kuah akan selalu hangat. Ini membantu banget buat masakannya jadi gurih dan lezat. Potongan dagingnya besar dan gak sedikit jumlahnya. Sayangnya untuk satenya menurutku terlalu keras. Mungkin karena pakai daging dada ayam. Lalu ada beberapa yang burnt. Jadi anakku yang masih kecil menolak makan. Padahal bumbunya lumayan enak.",netral,3.0
Lagi pengen makan gudeg kebetulan ada di dekat menteng mampir lah ke gudeg bu tinah tempat nya kios aja disini ada tempat buat makan juga.Saya pesan gudeg komplit isian nya ada ayam ama telor bulet bacem seporsi nya 35rb untuk rasa mayan lah ini gudeg nya kaga terlalu manis juga gudeg nya ada kuah areh yang gurih juga.,netral,3.0
"Yang aku suka disini tuh Kreceknya enak banget dan gudegnya juga gak terlalu manis udah disesuaikan sama lidah orang Jakarta deh. Dan kalian juga bisa request mau pedas atau gak bumbunya. Aku pesan Nasi Gudeng Bacem Tahu, jadi isiannya udah ada Gudeg,Krecek,Tahu Bacem dan di kasih Kuah Areh terus request yang pedas. Untuk rasanya overall Aku suka banget, tapi Menurutku Bumbunya kurang pedas sedikit.",positive,4.0
"Gudeg yang selalu dikejar sama pelanggan nya biarpun beberapa kali sempat tutup karena relokasi ke sebelahnya dll teteup pas buka pelanggan nya kompak untuk makan disini. Kalo untuk tempat kurang nyaman karena cuma disediakan meja dan beberapa kursi plastik, better beli untuk take away sih, kalo disini favorit aku Ceker mercon dan kreceknya. Enak!",netral,3.0
"Mau makan makanan indonesia saja terutama sayur, dan disini ada gado gado dan asinan juga. Gado gado nya rasanya bersih, kalau saya pribadi lebih suka yang abang abang gerobak, tapi enak juga disini. Coba soto betawinya kentang dan tomatnya dapat banyak sekali dagingnya ok tapi cuma ada 1 macam isi daging sengkel. Tidak banyak masakan gorengan, sepertinya cukup sehat ini konsep pemiliknya. Disini cukup nyaman tapi tidak ada AC.",netral,3.0
"Ini salah satu tempat makan Betawi favorite cici dan family! Menu favorite cici kalau kesini pasti banget pesen gado-gado pedesnya dan ayam bakar. Gado - gado disini enak banget dan isinya juga lumayan banyak! Bener-bener worth it sih sama harganya. Untuk ayam bakarnya, mereka berani banget di bumbunya. Dan bumbunya bener-bener nyerap banget. Selain itu, mereka juga ada jual minuman kedondong kiamboy dan kunyit. Overall, selalu puas banget sih cici makan disini.",positive,5.0
"pesen yang setengah mateng topping keju, beneran lumer dan mixed well sama kejunya. namun adonan kue cubitnya tuh masi berasa telur dan tepung alias masi berasa mentahnya, tapi sebenernya masi bisa dinikmatin, makan segini cukup bikin eneg dan kenyang",netral,3.0
"Mungkin karena diri sendiri kurang suka kue cubit setengah matang, jadi menurutku si a big no rasanya. Ak pesen yang taro dengan topping cokelat. Kalo aku kurang suka, tapi adekku bilaang enak. Jdi mungkin selera karena dia rame juga loh.",negative,2.0
"Salah satu kue cubit favorite ya disini apalagi selain original ada coklat dan greeentea. Kebetulan order yang greentea setengah matang biar melted gitu, kue cubit disini kl setengah matang ga bau telur, greeentea nya terasa dan enak",positive,4.0
"Saya pesan pempek ini dengan ojek online, paketan isi beberapa jenis empek empek, diberi bumbu saus pedas dan saus manis yang bisa kita campur sendiri sesuai selera, review saya hanya tentang rasa berbanding harga nya. Pempek nya enam digoreng kering terutama kulitnya sedikit asin dan renyah, dipadukan dengan saus nya sedikit pedas dan manis. Lenjer dan pastel mini nya jg enak pastel nya gurih, lenjer nya sedikit manis. Recommended untuk cemilan karena porsi nya yang kecil",positive,4.0
"Lagi kepengen makan pempek dan liat outlet pempek yang katanya original dan asli khas palembang. Namanya pempek Ny. Kamto, pesen untuk ditakeaway pempek kapal selam dan juga pempek pipih, sepaket dihargai 30 ribu udah dapat kuah cukanya dan juga ketimun. Rasa dari pempek menurut gw memang enak, kuahnya juga beda dibanding dengan kedai pempek lain",positive,4.0
"Pempek kesukaan keluargaku nih! Emang legit dan strong rasa ikannya, plusnya lagi emang cukonya sedep. Favku sih KAPAL SELAM, KULIT, ADAAN.",positive,5.0
"So yummy selalu puas sama pempek gaby karena cukonya sedap pedas manis pas komposisinya ga kentel ga terlalu cair.
Pempek berasa ikannya kenyal pas ukuran oke harga murah banget",positive,5.0
"Harganya perbijinya emang udah mahal. jadi kalo pengen makan kenyang pempek gaby harus sedia duit banyak juga. Ikannya kerasa banget, gak cuma terigu goreng doang. Mirip sama pempek aseli buatan palembang. gak nyesel sih dengan harga mahal tapi dimulut juga rasanya enak. Hanya saja rasa pempek kulitnya kurang enak, dibawah ekspektasi nih, kirain bakalan sama kaya pempek kulitnya Pempek Beringin Palembang. ini pempek kulitnya anyep. ",netral,3.0
"Seblak langganan, slalu mesan seblak manual (isiannya bebas milih sendiri) udh gitu porsinya juga lumayan banyak, kuahnya juga pedes bgt padahal dicatatannya bilangnya sedang tapi gapapa ttp enak dan ngenyangin perut",netral,3.0
"Seblaknya mantap pisan.  Bener-bener seblak! Tempatnya juga bagus, enak buat nongkrong",positive,5.0
"Kalo pesen seblak, siomay batagor adalah topping wajib biar ada kriuk kriuknya. Tipikal kuah di sultan ini kuah yang gurih berbumbu & rempahnya lumayan kerasa. Cuma kadang kuahnya ini bikin panas perut walaupun pesennya ga terlalu pedes.Btw seporsi seblak yg 13rb aja udah buanyakkk benerr mleber mleber ampe ga abis.OHIYA tempatnya juga lumayan banyak & ada beberapa pilihan ada yang lesehan dan duduk di semi outdoor",netral,3.0
"Yang katanya seblak terenak dan terhits di bandung nih, terakhir coba kurang sreg jadi nyoba lagi seblak pentol.
Kirain seblak dicampur pentol ternyata pentol doang dikasih kuah hahaha.
Sebenernya ini bukan pentol sih, lebih kaya bakso tapi kalo nginget harganya lumayan worth dibanding beli bakso biasa, kuah lv2 pas pedesnyaa, gurih juga enakk.",netral,3.0
"Takoyakinya enak deh, meskipun dimakan pas udah adem tekstur luarnya terasa renyah dan adonan dalamnya lembut. Toppingnya ak pilih mix ada gurita, keju dan sosis terus atasnya dipakein katsuoboshi & saus2an",positive,4.0
"Aku order kwetiau goreng seafood dan mie tomat spesial. Utk kwetiau goreng rasanya gurih telur gitu, isiannya juga cukup banyak, ga pelit dagingnya, cuma sayang lapciongnya cm 3 slice aja. Utk mie tomatnya juga enak, seger kuahnya. Aku order yg spesial, daging dan udangnya lebih banyak & pakai kepiting utk yg spesial.
Cuma aku berasa lebih enak makan di tempat, klo take away mienya uda lengket2 gitu, untungnya kuah dipisah.",netral,3.0
"katanya ini martabak tipis keringnya yg paling waw, jadi nyobain deh yg coklat keju. Hmm tidak se wah yang saya bayangkan, ternyata rasanya ya ga beda jauh lah sama martabak tipis kering yang biasa kupesen, dan ini harganya mahal sih :( untuk isian juga kurang banyak, tapi buat kerenyes si martabaknya aku sih suka ya, porsinya dikit :( tapi yaaaa not bad cuma rada kecewa aja karena ga se wah yang kukira.",netral,3.0
"bikin nagih gitu mulai dari ayamnya yg gak bauk, rasanya gurih gurih, sambalnya yg pedes enak seger ah mantap lah. Suasana tampat makan bersih ada yg diluar tanpa ac ada juga yg di dalem pake ac, buat ajak anak kecil oke sih.
Untuk harganya standart harga sate sate taichan pada umumnya ya, dan worth it banget",positive,4.0
"langganan dari jaman SMA sampe sekarang rasanya tetap sama dan tidak berubah, harga sangat terjangkau. Untuk rasa kuah karinya bukan yg kental lebih ke encer tapi tidak bikin eneg, enakk..",positive,5.0
"Sering beli martabak disini, anak2 suka , harga ramah dikantong",positive,4.0
pempek yang disajikan kurang begitu terasa ikannya dan cukanya juga encer banget dan tidak pedas.,negative,2.0
Dengan harga yang murah bisa mendapatkan rasa pempek dan martabak yang enak.,positive,4.0
"Lokasi strategis mudah ditemukan dipinggir jalan, makanan enak, kuah modelnya jg enak tapi tempat parkirnya sempit hampir memakan ruas jalan ",netral,3.0
"Parkiran luas, bersih, rapih dan yang pasti makanannya enak dengan harga bersahabat",positive,4.0
"Pecel lele pak ting2 ekonomis,enak higienis tanpa merica jadi lebih sehat daripada pecel lele yang lain.",positive,4.0
"Sudah sering beli pecel lele/ayam di sini biasanya enak tdi siang beli pecel ayam ayam nya basi tidak layak makan lagi,tolong di cek dlu dong sebelum di jual ke pembeli.",negative,1.0
"Pecel lele langganan, kalo uda bingung mau makan apa pasti akhirnya balik lagi ke sini suka banget makan di sini. mas yang jualnya ramah ramah terus rasa masakannya tuh enak. bumbunya meresap sampe ke daging, sambelnya juga enak. pokoknyaa rekomen banget makan di sini.",positive,5.0
"Batagornya enak banget, lokasinya sangat strategis, tempatnya juga bersih benget pelayananya sangat bagus, wajib nyobain batagor disini tiap pulang kerja",positive,4.0
Soal rasa udah ga diragukan lagi. harganya pas dikantong. hanya saja lokasi yg bersebelahan dengan tempat pembuangan sampah membuat kurang nyaman.,netral,3.0
"Sekarang Es campurnya tak se enak yg dulu. Kalo dulu pake es serut, sekarang pake es bongkahan.",netral,3.0
"Parkir cukup luas, kmrn pesen mie ayam, mie nya masih lumayan keras, mungkin kurang lama masaknya, baksonya cukup enak, mie godog nya juga cukup enak, coba dibikin opsi mau basah atau sedang, ada menu baru bakso hot ambyar yang isinya cabe, makan disini harus membayar terlebih dahulu baru makanan akan disajikan,",positive,4.0
"saya salah satu pelanggan bakso gajah mungkur. dari awal saya beli pelayaanannya ga rama sama sekali, sangat jutek ke pempeli tetapi saya tetap memaklumi. kedua kalinya terulang lagi, salah satu pelayanan mungkin tidak sengaja menyenggol saya karena sempit, tapi tidak ada kata maaf sedikitpun kepada saya. pelayannya benar2 tidak ada attitude. skrng saya udah ga mau lagi makan disini karena pelayanan nya yang sangat buruk dan tidak ramah.",negative,1.0
Pelayanannya cepat. Ramah. Menunya enak dan variasinya banyak sekali. Tempatnya bagus untuk kumpul keluarga.,positive,4.0
"Bakso dan mie ayamnya mantap, rasanya enak dan bikin ketagihan.  Harganya juga gak bikin kantong bolong",positive,4.0
"Dari segi makanan nya cocok di lidah saya. Sate padangnya enak, bumbu okay, mungkin bisa  lebih dibakar agar lebih empuk dikit.",positive,4.0
"Beli nasi bungkus rendang, sayurnya cuma nangka 2 potong, kecil pula. Harganya selangit",negative,2.0
"Makanannya enak, harga murah, toilet bersih, mushola bersih. Nyaman. Ada free buah buahan. Recomended lah",positive,4.0
Makanan tidak segar. Cabe dan kuah agak basi. Harga nya terlalu mahal untuk kualitas masakan seperti ini. Sangat tidak rekomendasi.,negative,1.0
"Ayam goreng krispi bumbu meresap.Teh hangat tawarnya okay.Pelayanan cepat, ramah, murah senyum.Tempat makan bersih  nyaman, ada live music, toilet bersih dan nyaman.
Masjid luas.",positive,5.0
"Kecewa, minuman cair baru sampai makanan sekitar 1 jam. Ditanya pelayan 5 menit lagi siap tapi tanpa kabar",negative,2.0
"Tempat ini kabarnya hits se Dumai Raya. Akhirnya saya kunjungi dan benar saja mereka punya banyak sekali pilihan menu dari snack hingga berat, kopi dan non kopi, hingga ice dessert. Tapi bagi saya terkesan kurang memiliki konsep yang jelas, antara memberikan pengalaman cafe dengan kopi dan kesimpelannya atau restoran dengan keriuhannya.. Kalo untuk rasa saya bisa bilang rasanya baik, tempatnya di jalan kecil juga memberikan ketenangan..",netral,3.0
"Varian sayurnya kurang bervariasi, rasanya juga kadang berubah tidak konsisten, namun pelayanannya sangat baik dan harganya murah",netral,3.0
"Makananny enak, pelayanan nya cepat, begitu nyampe waitress ny langsung ke meja kita. karyawan nya ramah. Baristany bisa buat tulisan d lattenya sesuai request. banyak freenya, pesen makanan dapat free teh es, trus belanja di atas 100ribu, dapet free kopi susu (takeaway). nunggu makanannya dimasak juga gak lama. Kids friendly, buat yang ada anak2 wajib coba. terus buat anak abege juga wajib kesini, karena banyak spot foto yg instagramable. Recommended la pokony.",positive,5.0
"Ga enak, dendeng batoko cuma asin doang, tekstur daging keras. Tidak seperti review orang2. Ayam gule saya pesan karena rekomendasi orangnya. Ternyata tidak enak juga ",negative,1.0
"Enak makanannya dengan harga terjangkau, udah banyak dapat nasi, ayam pop dan dendeng nya enak banget. Rumah makan nya juga bersih",positive,5.0
"Sangat mengecewakan, Tidak ada air minum jadi harus membeli minuman botol atau jus, tempat makan juga sangat pengap sirkulasi udaranya kurang baik",negative,2.0
Cafe yg cukup unik. Cuma penyediaan makan agak lama dan pengaturan tamunya kurang baik,netral,3.0
"Enak tapi sudah 2x take away potongan pizza ny gak pernah rapi, ukuran nya tidak sama, ada yg kecil ada yg gede banget",netral,3.0
"Harga bersahabat, masakan enak, apalagi semua jenis gulainya enak banget, tapi favorite saya tetap ikan tongkol bakar",positive,4.0
"Pelayanan sangat tidak ramah. Baru datang tidak dilayani, konsumen lain langsung dilayani. Seperti ada diskriminasi terhadap pelanggan tertentu. Sangat sering mencueki konsumennya, padahal dipanggil berkali-kali.",negative,1.0
Kualitas makanan disini sangat baik. Sayangnya owner kurang merhatiin kebersihan toilet & wastafel. Padahal yg dilayani bukan cm org lokal loh. Tolong dong diperhatiin kebersihannnya & penyediaan sabun cuci tangan yg layak.,netral,3.0
"Untuk rasa masakan terutama ayam gulai, no 1 dibanding restoran sekalipun di padang. Kuah gulainya bener2 gak bisa ditandingi enaknya.",positive,4.0
"Pengalaman yang sangat buruk dengan ini. Roti pizzanya belum sepenuhnya matang dan masih terasa seperti adonan. Toppingnya, eh aku tidak bisa berkata banyak soal ini, sepertinya mereka memanggang pizza di oven yang miring, satu sisi pizzanya kosong tanpa topping apa pun tapi sisi lainnya penuh dengan topping, ya toppingnya bertumpuk di samping. ",negative,1.0
"Parkir luas, ruangan 2 lantai, lumayan luas, dingin, toilet bersih, musholla cukup luas ada alat solatnya. Pelayanan oke, makanan oke fresh seperti pizza hut pada umumnya",positive,4.0
"Tempatnya nyaman dan bersih. Menunya bervariasi dan enak2, services nya bagus.",positive,4.0
"Yang berkunjung ke dumai mending cari RM lain. Kasir dan pelayanannya terlalu buruk. Harga mahal karna ada pesanan gaib (pesanan yg tidak dipesan tapi dimasukkan dalam struk) pelayan ceweknya setelah  dimintai minum, kami seperti diomongin bersama temannya, pelayanan yang benar benar buruk semoga bisa diperbaiki. toiletnya pun kotor.",negative,1.0
"Pada saat Dinas di Dumai, saya singgah di rumah makan ini. Jaraknya sangat dekat dengan Hotel Grand Zuri sehingga bisa jalan kaki. Rumah makan ini bersih dengan ruang yang lumayan luas. Pelayanan sangat baik dan cepat ...Saya nyoba dendeng lambok dan belut, rasanyaaa mantappp jiwa ",positive,5.0
"Pentol baksonya enak banget! Pelayanan cepat, tempat nyaman dan cukup bersih. Bisa beli bakso frozen juga. Harganya sangat murah dengan rasa baksonya yang lezat. Jangan lupa cobain es teler nya yg juga enak.",positive,4.0
Pelayanannya lama banget...kalo rasa oke banget. Jadi kalo dateng langsung order aja ya biar nggak nunggu lama,netral,3.0
"Enak, murah, tapi sayang pelayanan kurang. Sepertinya kekurangan pegawai karena resto cukup ramai. Jadi meja belum dibersihkan, mau order pun lama,",netral,3.0
"Tempat Ter nyaman di tengah kota, Makanan enak dan harga murah,bisa karaokean juga. Ternyata tersedia ruang VIP room dan lesehan
Dari segi pelayanan mantap,baik,ramah. dari segi makanan juga enak banget.",positive,5.0
"Ikannya kurang fresh masak team kebanyakan air sehingga jadi tawar dan kurang enak, pesan Brokoli dan Kailan bawang putih yg datang Brokoli dan Kailan saus, siapa yg salah tidak tahu, apakah yg catat atau yg masak.
Parkir mobil agak susah karena dekat dengan lampu merah.",negative,2.0
Tempatnya enak untuk keluarga masakannya enak. Masakan koki sekelas koki restoran bintang 5. Menunya juga cukup banyak kok. ,positive,4.0
"Ruang makan kotor dan dasar. Cara memasak yang salah, pemotongan sayuran yang kasar, rasa yang tidak enak. ",negative,2.0
Kualitas cuminya sekarang udah beda.. rasa bumbunya masih sama.. tapi kok cumi nya sekarang terkesan lembek terus amis gitu rasanya.. gak sama kek yg dulu.,netral,3.0
"Makanan yang layak, layanan cepat, harga agak mahal namun tempatnya rusak, kucing di mana-mana, musisi jalanan yang buruk sering datang dan mengganggu. Dan mereka melewatkan salah satu pesanan kami namun masih menagih kami, harus berhati-hati sebelum membayar.",negative,2.0
"Rumah makan seafood yang cukup popular didumai Laguna Seafood, Banyak pilihan menu.Dari ikan, kepiting, kerang dan lainnya
Masalah rasa saya rasakan cukup enak dan bisa dibilang recomended.Untuk tempat cukup luas jadi buat rombongan dan keluarga cocok lah",positive,4.0
"Berisik tidak begitu nyaman untuk dibuat pertemuan formal, kopinya boleh dan menu lainnya jug ok",netral,3.0
"Untuk rasa Makanan terlalu manis.. kurang cocok dengan selera kami. Bahkan cah kangkung belacan pun manis.Sudah beberapa kali kami makan disini.Pelayanan lama, cukup lama menunggu makanan nya sampai..Nasi sedikit keras.",negative,1.0
"Kalau rasa jangan ditanya lah, sangat rekomendasi bagi yang suka masakan khas sambel, paling suka pesan menu ayam dan bebek, selain ikan dan kerang. Pernah pesan berbagai macam menu, kalau rasa tidak mengecewakan, kategorinya enak, bumbu terasa.",positive,5.0
pelayanan baik. makanan beragam. harga terjangkau. ayam ikan oke. tapi sayurnya terlihat kurang segar. suasana cuku panas.,netral,3.0
"waktu saya kesini pelayananya jelek, pesanan sudah tercatat semua dan sudah menunggu lama ternyata menu banyak yg tidak ada",negative,2.0
menunya lengkap dengan harga yg tertera jelas.. ada paketan berdua 50k sdh termasuk minum.. bumbu ayamnya kerasa meresap sampe ke dlm.. sambelnya pedas mantap... dari soto betawi smpe pindang2an ada,positive,4.0
Pelayanan nya lambat dan lama tempat nya gak bersih makanan nya tidak sesuai harga makanan nya tidak higenis dan pelayanan nya kurang bagus dan tidak di rekomendasi sama sekali,negative,1.0
"Pilihan makanan dari ayam, lele, seafood dan ikan-ikanan banyak. Pilihan sayur juga bervariasi. Ada menu paket juga yang harganya pas di kantong yang sudah termasuk es teh gelas besar.Tempatnya nyaman dan cocok untuk pertemuan keluarga, kantor, dll.",positive,4.0
"Salah satu ayam san ikan bakar ter enak di Dumai. Bagi pecinta tipe bakaran yg pedes manis, ini top rekomen sih. Wajib juga cobain cah kangkungnya. Wangi dan rasanya agak smokey, ada kang tanahnya juga jadi gurih banget.",positive,5.0
Sambal nya enak banget.. tapi bumbu ayamnya kadang enak kadang enggak. Terus harus sabar sama pelayannya yang suka lupa sm pesanan kita ,netral,3.0
Makanannya enak tapi tempatnya jorok banget banyak lalat nya udah gitu ga bersih dibagian meja juga ga pernah disapu makanya selalu banyak semut dilantai nya tiap kalo mau makan disana.,negative,2.0
"Tempatnya enak, ada lantai 2 nya buat nyantai,tapi sayangnya wifi nya jam 11 siang baru ada,kami mau pesan bebek bakar,bebek nya belom ada,akhirnya aku pesan ayam bakar biasa,sama ikan gurami bakar,",netral,3.0
"terlalu malas bahkan untuk foto, kami pesan jeruk murni malah dikasih gula dan sangat kemanisan, ikan asam manisnya lumayan enak, kangkungnya tidak berasa, cumi nya aga bau hanyir, pesan sapo tahu, seafood tumpah bahkan sampai selesai makan belum datang, terpaksa di cancel. bahkan minta garam dan cabe hijau potong aja dibilang harus nunggu dan akhirnya ga dateng dateng, pengalaman terburuk makan seafood",negative,1.0
"Harga pas dikantong,,soalnya rasa tak berkhianat,barusan coba canai pakai kari ayam,,cocok untuk kantong anak kost",positive,4.0
"Tidak sesuai dengan harapan, kuah kari rasanya asin sekali seperti minum air garam, kondisi roti canai minyaknya sangat menyiksa tenggorokan setelah dimakan. Tidak rekomendasi",negative,2.0
"Pelayanan sangat buruk, butuh waktu 15 menit hanya untuk meminta list menu, dan butuh waktu lebih dari 30 menit agar menu saya dicatat, pramusaji sangat tidak peduli dengan pelanggan, saat meminta list menu cara pramusaji memberikan menu seperti menghempaskan menu ke meja",negative,2.0
"Menu kerapu lada hitam sangat tidak enak. Lada hitam dimasukan utuh, tanpa digiling halus. Rasanya pahit banget. Ketika dikomplain, dari pihak restoran mengatakan memang sprti itu. Karna ada pergantian chef baru.",negative,2.0
"Bagi yang pengen makan seafood boleh banget kesini. Seafoodnya dimasak dadakan, begitu ada pesanan langsung diambil dari akuariumnya. Tempatnya luas, parkirannya juga proper. Tersedia ruang untuk sholat dan juga toilet.",positive,4.0
"Rasanya makanannya lumayan enak untuk harganya range 20k-an keatas, based on weight of food. Tapi kami kemarin banyakan pilih menu di ayam dan unfortunately porsinya kecil bgt gatau kenapa jadi rasanya gak worth it dengan harga segitu. Disini juga ada live music, bagi orang yang suka ketenangan rasanya kurang cocok sih ya karna emg sekeras itu suara musiknya",netral,3.0
pesan minuman rasa caramel java chip frapucino malah datang nya java chip frapucino dari gambar aja sudah beda yg datang malah java chip tolong lebih teliti lagi sama yang dipesan jadi kecewa,negative,2.0
menunya lengkap dengan harga yg tertera jelas.. ada paketan berdua 50k sdh termasuk minum.. bumbu ayamnya kerasa meresap sampe ke dlm.. sambelnya pedas mantap... dari soto betawi smpe pindang2an ada,positive,4.0
"Makan nasi ayam geprek sambal matah cukup mengenyangkan untuk makan siang, bumbu ayam Krispynya terasa. Mantap.",positive,4.0
"Dulu enak panas ayam nya sekarang, super cepat tp ayam nya kgk panas nasi juga kgk panas, gak seperti dulu, beda jauh gak seperti dulu saya kecewa.",negative,2.0
"Pelayanan nya ketus g ada senyuman sama sekali. Serasa nggak mau melayani pelanggan,kalau bisa di ajarkan lebih baik lagi oleh owner bagaimana menghadapi pelanggan yang baik dan benar,kalau masalah rasa makanannya standar lah sama tempat lain",negative,2.0
Ayam pukulnya enak. Ada bnyak pilihan paket makan. Udh include es teh tawar. Tempatny gak terlalu besar. Parkir jg gk trlalu luas.Tp muat utk 3-4 mobil. Dan bbrp motor.,netral,3.0
Berbagai macam variasi makanan dari ayam ikan yang dibakar maupun goreng. Ada sate ayam pada malam hari dan berbagai macam makanan lainnya. Terdapat 2 varian untuk pilihan nasi yaitu nasi putih dan nasi uduk. Sambal sudah tersedia diatas meja. Tinggal diambil sesuai kebutuhan,positive,5.0
Makanannya enak dan harga nya sangat ekonomis. Cuma agak jauh di pinggiran kota palembang.,netral,3.0
"Pecel lele nembak harga, tidak ada list harga dimenu, Coba buat di harga dimenu, klo mmng harga naik bisa diubah",negative,2.0
"rasa pempek nya juara, untuk level fos ini ter enak di palembang, cuka nya juga pas bgt. varian kates pistel dan ebinya juara bgt",positive,4.0
"Namanya ayam penyet tapi penyajian nya prasmanan seperti pujasera.. menu makanan lengkap, selera nusantara ada masakan padang, melayu dan jawa. Tempat cukup lega dan nyaman, datang pada jam makan siang cukup rame dan di dominasi oleh karyawan sekitaran lokasi. Saya belum terbiasa makan dengan penyajian prasmanan jadi kalau mau tambah nasi jadi agak canggung.",positive,4.0
"Makan pertama kali menunya enak2 semua, pas kedua kali rasanya kurang semua
Yg kurang garam , sop buah ga berasa murkin krna terlalu rame jd lupa menu mana yg udah di kasih garam mana yg belum",negative,2.0
"Untuk makanan, kebetulan yang saya pesan pada saat kesini adalah Bihun Goreng (salah satu makanan wajib yang pasti ada disetiap kedai kopi) dan overall rasanya cukup enak buat saya, hanya yang jadi perhatian saya, di kedai kopi ini sambal cabe tidak diletakkan dimasing-masing meja seperti kedai kopi lain pada umumnya, sehingga ketika saya ingin menambah sambal, saya harus meminta ke pramusaji terlebih dahulu.",netral,3.0
"Ayam Bakar nya enak, suka sama Cemilan Singkong Thai nya, Fla nya lumer di mulut.Untuk minuman Red Velvet nya segar dan bertoping Ice Cream.Harga nya terjangkau di kantong.Rekomendasi lah untuk sarapan, makan siang, dan makan malam di sini.",positive,5.0
"Wuuuiiih rasa makanannya rasa bintang 5 ,harga makanannya murah banget tapi enak banget. Pokoknya kalian harus coba kesini dan jangan lupa untuk mencoba makanannya.",positive,5.0
"Dlu prnh mkn th 2019 kL g salah, standart aja siy, kmrn diajak tmn, coba lagi ksna stlh 4 th, ampun, cba ambil pket B yg yg isi 1 paha ayam, lele 2 n nila 1 dibkar, tahu tempe, lalapan n cah kangkung, ampun, bneran rasa spt tdk yg diharapkan, ikan2ny bneran bkn ikan segar, enek kek ad bau2ny, ayam jg tawar, pokoke bkin patah selera mkn, g tw tuh, dptny kualitas yg demikian, wlwpun pd rame yg mkn dsna, utk tmpt mkn, jgn ke dlm, penuh asap dan sgt2 bkin gerah. Mgkn menang di harga aj kali y, skip ga bkal kmbli lgi.",negative,1.0
"lontong nya dingin, kuahnya oke, mie nya aneh, kurang worthed makan dsni...
saya pesan lontong sayur tunjang plus mie, kurang segar, hrs nya di jaga kualitas nya.",negative,2.0
"Banyak pilihan menu untuk sarapan,   biasa nya sangat ramai kalo pagi,  siap2 ngga kebagian tempat duduk ya gez..  Soal rasa mantap",positive,4.0
"Makanan enak yang mereka punya. Nasi goreng, mie goreng, soto, martabak mesir, dan rasanya enak serta tempatnya bersih. Bagus untuk orang yang bepergian.. tapi hanya untuk parkir yang agak sulit karena tempatnya kecil..",netral,3.0
Enak dn rekomendet banget buat pencinta makanan pedas karna terdapat bakso mercon kuah cabe mantul bet,positive,4.0
pertama kali beli rasanya enak tapi pas beli kedua kalinya malah zonk beli 3 bks gak kemakan soalnya asin banget mungkin efek ramai ya. sarannya pertahankan rasanya ya,negative,2.0
"Saya pernah makan disini pelayanan nya ngga bagus,masa saya disuruh pindah padahal saya udah duduk duluan, untuk di tmpati  orang lain. Bilangnya juga ga ramah.",negative,2.0
Makan malem disini mesen paket nasi 28k waktu di buka bungkus nasiny ada ulat daun masih hidup sangat di ragukan kebersihan dan ketelitian pegawai nggak rekomended banget .,negative,1.0
"Enak makanannya dengan harga terjangkau, udah banyak dapat nasi, ayam pop dan dendeng nya enak banget. Rumah makan nya juga bersih",positive,5.0
"Rasanya biasa banget. Wangi dan rasa rempah kurang berasa, wanginya cm berasa lada ato pala gitu, klo di cicip cuma berasa asin. Ga ngerti knp bs rame bgt pdhl banyak tempat lain lebih enak. Totally biasa banget dan overrated, belum lagi kalo makan harus nungguin dan ditungguin.",netral,3.0
Rasa makanan ny tu rasa pejabat tp harga ttap merakyat Sering beli makan dsni dan Alhamdulillah pelayanan cepat juga Pelayan ny ibu² walaupun wajah agak sangar tp ramah Kualitas layanan baik Harga juga gk trlalu merobek kantong Worth it sih makanan dsni Bnyk pilihan menu ny Dan Insya Allah soal rasa gk perlu d ragukan,positive,5.0
"Gue kurang rekomen si kalo untuk makan seafood nya, kemaren gue beli yg seafood tumpah. Terus kerang ijo nya ga fresh banyak yg kopong. Soalnya kerang ijo kalo yg fresh dagingnya masih tebel di cangkang nya guys tapi yg di seafood Al Aziz ini dia dagingnya kayak udah lembek gitu Lo kayak (udah lama). Selain itu untuk kepitingnya ga di kasih alat buat ngehancurin (secara kepiting kan keras guys, ya kali gua keletak pake gigi bisa rontok kali ni gigi) bukan nya di pecahin dari dapurnya sekalian juga. Pokoknya kurang rekomen Menurut gue, rasanya juga kurang enak,.",negative,2.0
"Rasa nya biasa saja gk terlalu istimewa menurut lidah saya..selalu ramai dan tempat duduk terbatas,jadi kalau mau dapat kursi kita musti berdiri didekat orang yg makan(macam satpam dijagain wkwkk) dan harga nya agak mahal ya 17rb utk 1 mangkok.",netral,3.0
"Baru kali ini nemu warung nasi Padang yg murce bgt, tapi yaa sesuai hargalah, ga usah berharap lebih. Berkali2 beli lauk disini kalau lagi ga masak ",positive,4.0
Nasi gorengnya sekarang hambar gak seperti dulu enak. jarang kesana lagi,negative,1.0
"Bakso dan mie ayam khas wonogiri yg rasanya benar2 lezat, tempatnya nyaman, dan harga cukup terjangkau",positive,5.0
"Pecinta soto kuning ala Bogor mah kudu ke sini nih. Pertama kali makan ini langsung ketagihan dong
Kuahnya pakai minyak samin duhhh gurih nan endeuss ga ketulungan. Berbagai isi bisa kamu pilih sendiri, mulai dari perkedel (wajib), kulit, babat, paru, daging, empal dan lainnya. Harganya juga terjangkau dan dijamin puas. Tempatnya cukup besar, non-AC, bersih, pelayanan baik dan cepat. Selalu pengen balik ke sini kalau lagi main di Bogor",positive,4.0
"Camilan ringan yg bikin gabisa berenti ngunyah enak semua apalagi kalo hangat, cuma effort banget dr jakarta ke bogor hehe. Varian paling suka selalu yg pisang keju coklat dan yg isi daging",netral,3.0
Untuk tempatnya luas ada bangku dan juga lesehan. Rasa Makanan nya enak tetapi tidak terlalu istimewa dibanding resto sunda sejenis. Gurame bakar nya fresh tetapi saya rasa tidak ditangkap dadakan pada saat kita order. Tumis kangkung dan sambal dadaknya enak banget. Untuk pempek rasanya gak enak sama sekali. Ada live music juga disini.,netral,3.0
"Bakso nya cukup terkenal ada di samping mall lotte. Tempatnya cukup mudah dicari. Tempat cukup banyak untuk dine in. Pelayanannya ramah dan cepat. Rasa bakso nya cukup unik, kuah baso nya sangat membuat selera yang gurih dan unik. Bakso cukup besar. Untuk kebersihan masih bisa ditingkatkan lagi",positive,4.0
"Wajib nih cobain buat pecinta bakso! Kuahnya berasa banget kaldu sumsum-nya. Wangi dan gurih abissss. Ini gw cobain menu yang Bakso Biasa. Dapet 5 butir bakso, bihun/mie, dan 1 pangsit goreng. Baksonya jg berasa daging semua. Bukan tipe yang tipu2 berasa sagu dari pada daging. Walaupun cukup pricey untuk kasta bakso, tapiii kenikmatan ini ga bisa didapetin dari bakso abang2 keliling. Kuy, mumpung weekend cuss buat cobain",positive,4.0
"Ini bakso rame muluk. Penasaran akhirnya cobain. Saya pesen yang bakso biasa, pake mie kuning. Porsinya mengenyangkan alias gede. Mienya penuh jadi lumayan kenyang buat pengganti lontong. Kuah nya ini yg beda bgt. Biasanya kuah bakso bening, ini kuahnya keruh, dan rasanya gurih mantab! Bakso halusnya beneran halus, dapet 5 butir seporsi. Terus dapet keripik pangsit gede.",positive,4.0
Nunggu kelamaan dan untuk rasa. Biasa aja sama seperti nasi goreng abang2. Ayam nya tdk ada. Harga menurut saya tidak sesuai dengan rasa,negative,2.0
"Porsi tukang gali haha besar banget nasiii karbo loading, rasanya ga ada kebuli2nya, kurang khas sih, enak ya biasa lah standar, acarnya belum asam masi baru jadi kayanya, kerupuk standar.
Ga kaya kebuli deh kaya nasi goreng biasa aja gitu",negative,2.0
"untuk kesekian kalinya beli bakmi disini, selalu jadi langganan karena rasa enak yang tidak pernah berubah, berbeda dengan bakmi lainnya, sangat direkomendasikan",positive,5.0
"suka banget sama tekstur dan rasa mienya. Porsinya juga pas, karena dapet pangsit goreng gede 2 pcs dan kalo kesini pasti pesen aneka dimsumnya",positive,4.0
"Untuk rasa makanannya sesuai bgt dengan harganya, pantesan aja banyak yg rela antri buat makan disini karena harganya yg murah & rasa makannya pun lumayan enak.",positive,5.0
"Pedas cabenya terasa tapi masih bisa disantap enak bagi orang yang gak terlalu bisa pedas. Satu porsi lumayan bikin kenyang ditambah pangsit goreng. Mie sendiri ga terlalu spesial karena rasanya gurih biasa, yang bikin unik adalah cabenya.",positive,4.0